,Months since Last Donation,Number of Donations,Total Volume Donated (c.c.),Months since First Donation,Made Donation in March 2007,Donation Duration,Donation per month,MonthsPerDonation,,
619,2,50,12500,98,1,97,0.515463918,1.94,97,1.94
664,0,13,3250,28,1,29,0.448275862,2.230769231,29,
441,1,16,4000,35,1,35,0.457142857,2.1875,35,
160,2,20,5000,45,1,44,0.454545455,2.2,44,
358,1,24,6000,77,0,77,0.311688312,3.208333333,,
335,4,4,1000,4,0,1,4,0.25,,
47,2,7,1750,14,1,13,0.538461538,1.857142857,,
164,1,12,3000,35,0,35,0.342857143,2.916666667,,
736,5,46,11500,98,1,94,0.489361702,2.043478261,,
436,0,3,750,4,0,5,0.6,1.666666667,,
460,2,10,2500,28,1,27,0.37037037,2.7,,
285,1,13,3250,47,0,47,0.276595745,3.615384615,,
499,2,6,1500,15,1,14,0.428571429,2.333333333,,
356,2,5,1250,11,1,10,0.5,2,,
40,2,14,3500,48,1,47,0.29787234,3.357142857,,
191,2,15,3750,49,1,48,0.3125,3.2,,
638,2,6,1500,15,1,14,0.428571429,2.333333333,,
345,2,3,750,4,1,3,1,1,,
463,2,3,750,4,1,3,1,1,,
372,4,11,2750,28,0,25,0.44,2.272727273,,
8,2,6,1500,16,1,15,0.4,2.5,,
539,2,6,1500,16,1,15,0.4,2.5,,
734,4,14,3500,40,0,37,0.378378378,2.642857143,,
573,4,6,1500,14,0,11,0.545454545,1.833333333,,
482,4,8,2000,21,0,18,0.444444444,2.25,,
330,1,14,3500,58,0,58,0.24137931,4.142857143,,
222,4,10,2500,28,1,25,0.4,2.5,,
175,4,10,2500,28,1,25,0.4,2.5,,
606,2,16,4000,64,0,63,0.253968254,3.9375,,
340,2,8,2000,28,1,27,0.296296296,3.375,,
298,2,12,3000,47,1,46,0.260869565,3.833333333,,
459,4,6,1500,16,1,13,0.461538462,2.166666667,,
92,4,7,1750,22,1,19,0.368421053,2.714285714,,
446,2,13,3250,53,1,52,0.25,4,,
336,2,5,1250,16,0,15,0.333333333,3,,
403,2,5,1250,16,1,15,0.333333333,3,,
286,2,5,1250,16,0,15,0.333333333,3,,
665,4,20,5000,69,1,66,0.303030303,3.3,,
134,4,9,2250,28,1,25,0.36,2.777777778,,
646,2,9,2250,36,0,35,0.257142857,3.888888889,,
391,2,2,500,2,0,1,2,0.5,,
471,2,2,500,2,0,1,2,0.5,,
377,2,2,500,2,0,1,2,0.5,,
712,2,11,2750,46,0,45,0.244444444,4.090909091,,
721,2,11,2750,46,1,45,0.244444444,4.090909091,,
654,2,6,1500,22,0,21,0.285714286,3.5,,
332,4,5,1250,14,1,11,0.454545455,2.2,,
740,4,19,4750,69,1,66,0.287878788,3.473684211,,
612,4,8,2000,26,1,23,0.347826087,2.875,,
502,2,7,1750,28,1,27,0.259259259,3.857142857,,
479,3,6,1500,21,0,19,0.315789474,3.166666667,,
444,2,8,2000,35,1,34,0.235294118,4.25,,
132,4,5,1250,16,1,13,0.384615385,2.6,,
507,3,16,4000,74,0,72,0.222222222,4.5,,
718,2,4,1000,14,1,13,0.307692308,3.25,,
214,0,2,500,4,0,5,0.4,2.5,,
146,4,7,1750,25,0,22,0.318181818,3.142857143,,
607,1,9,2250,51,0,51,0.176470588,5.666666667,,
591,2,4,1000,16,0,15,0.266666667,3.75,,
144,2,4,1000,16,0,15,0.266666667,3.75,,
652,4,17,4250,71,1,68,0.25,4,,
45,2,2,500,4,0,3,0.666666667,1.5,,
395,2,2,500,4,1,3,0.666666667,1.5,,
369,2,2,500,4,1,3,0.666666667,1.5,,
490,2,4,1000,16,1,15,0.266666667,3.75,,
66,2,2,500,4,0,3,0.666666667,1.5,,
448,2,2,500,4,0,3,0.666666667,1.5,,
380,2,4,1000,16,0,15,0.266666667,3.75,,
328,2,4,1000,16,0,15,0.266666667,3.75,,
485,2,4,1000,16,0,15,0.266666667,3.75,,
630,2,6,1500,28,1,27,0.222222222,4.5,,
5,2,6,1500,28,0,27,0.222222222,4.5,,
546,4,2,500,4,0,1,2,0.5,,
54,4,2,500,4,0,1,2,0.5,,
445,2,7,1750,35,1,34,0.205882353,4.857142857,,
510,4,2,500,4,1,1,2,0.5,,
311,4,2,500,4,0,1,2,0.5,,
476,4,2,500,4,0,1,2,0.5,,
474,12,11,2750,23,0,12,0.916666667,1.090909091,,
527,3,17,4250,86,0,84,0.202380952,4.941176471,,
506,4,9,2250,38,1,35,0.257142857,3.888888889,,
424,4,8,2000,34,1,31,0.258064516,3.875,,
155,4,9,2250,40,0,37,0.243243243,4.111111111,,
94,2,5,1250,26,0,25,0.2,5,,
719,6,17,4250,70,0,65,0.261538462,3.823529412,,
676,0,8,2000,59,0,60,0.133333333,7.5,,
271,2,3,750,14,0,13,0.230769231,4.333333333,,
274,2,10,2500,64,0,63,0.158730159,6.3,,
535,4,9,2250,46,0,43,0.209302326,4.777777778,,
653,4,5,1250,23,0,20,0.25,4,,
493,4,8,2000,40,1,37,0.216216216,4.625,,
279,2,12,3000,82,0,81,0.148148148,6.75,,
564,11,24,6000,64,0,54,0.444444444,2.25,,
656,2,7,1750,46,1,45,0.155555556,6.428571429,,
386,4,11,2750,61,0,58,0.189655172,5.272727273,,
182,1,7,1750,57,0,57,0.122807018,8.142857143,,
212,2,11,2750,79,1,78,0.141025641,7.090909091,,
667,2,3,750,16,1,15,0.2,5,,
308,4,5,1250,26,1,23,0.217391304,4.6,,
421,2,6,1500,41,1,40,0.15,6.666666667,,
172,2,5,1250,33,1,32,0.15625,6.4,,
662,2,4,1000,26,0,25,0.16,6.25,,
284,2,5,1250,34,0,33,0.151515152,6.6,,
731,4,8,2000,46,1,43,0.186046512,5.375,,
544,4,8,2000,48,1,45,0.177777778,5.625,,
145,2,2,500,10,1,9,0.222222222,4.5,,
747,4,5,1250,28,0,25,0.2,5,,
168,2,2,500,10,0,9,0.222222222,4.5,,
35,2,11,2750,88,0,87,0.126436782,7.909090909,,
81,2,3,750,19,0,18,0.166666667,6,,
594,2,5,1250,37,0,36,0.138888889,7.2,,
3,9,5,1250,19,0,11,0.454545455,2.2,,
687,2,2,500,11,0,10,0.2,5,,
29,2,9,2250,74,0,73,0.123287671,8.111111111,,
151,4,3,750,16,0,13,0.230769231,4.333333333,,
213,4,3,750,16,0,13,0.230769231,4.333333333,,
135,4,2,500,9,1,6,0.333333333,3,,
472,6,3,750,14,0,9,0.333333333,3,,
51,2,2,500,11,0,10,0.2,5,,
705,2,2,500,11,1,10,0.2,5,,
651,2,2,500,11,0,10,0.2,5,,
556,2,7,1750,58,1,57,0.122807018,8.142857143,,
79,2,1,250,2,1,1,1,1,,
477,2,1,250,2,0,1,1,1,,
90,2,1,250,2,0,1,1,1,,
341,2,1,250,2,0,1,1,1,,
456,2,1,250,2,0,1,1,1,,
692,2,1,250,2,0,1,1,1,,
275,2,1,250,2,0,1,1,1,,
227,2,1,250,2,0,1,1,1,,
550,2,1,250,2,1,1,1,1,,
247,2,1,250,2,1,1,1,1,,
293,2,1,250,2,1,1,1,1,,
587,2,1,250,2,0,1,1,1,,
291,2,1,250,2,0,1,1,1,,
392,2,1,250,2,0,1,1,1,,
220,2,1,250,2,0,1,1,1,,
410,2,1,250,2,0,1,1,1,,
88,2,1,250,2,0,1,1,1,,
589,2,1,250,2,0,1,1,1,,
61,2,1,250,2,0,1,1,1,,
359,11,10,2500,35,0,25,0.4,2.5,,
671,11,4,1000,16,1,6,0.666666667,1.5,,
399,4,6,1500,41,1,38,0.157894737,6.333333333,,
631,2,3,750,22,0,21,0.142857143,7,,
432,4,4,1000,26,1,23,0.173913043,5.75,,
565,10,4,1000,16,0,7,0.571428571,1.75,,
618,2,4,1000,35,0,34,0.117647059,8.5,,
586,4,12,3000,88,0,85,0.141176471,7.083333333,,
59,13,8,2000,26,0,14,0.571428571,1.75,,
725,4,5,1250,34,0,31,0.161290323,6.2,,
367,4,5,1250,35,1,32,0.15625,6.4,,
605,4,7,1750,52,0,49,0.142857143,7,,
296,4,7,1750,52,0,49,0.142857143,7,,
238,2,2,500,14,0,13,0.153846154,6.5,,
655,2,5,1250,47,1,46,0.108695652,9.2,,
314,9,8,2000,38,1,30,0.266666667,3.75,,
609,4,6,1500,47,0,44,0.136363636,7.333333333,,
113,9,9,2250,45,0,37,0.243243243,4.111111111,,
596,4,6,1500,52,0,49,0.12244898,8.166666667,,
242,4,7,1750,58,0,55,0.127272727,7.857142857,,
6,6,2,500,11,1,6,0.333333333,3,,
533,11,9,2250,38,0,28,0.321428571,3.111111111,,
19,2,2,500,16,0,15,0.133333333,7.5,,
434,2,7,1750,76,0,75,0.093333333,10.71428571,,
553,11,6,1500,27,0,17,0.352941176,2.833333333,,
517,11,3,750,14,0,4,0.75,1.333333333,,
239,4,1,250,4,0,1,1,1,,
689,4,1,250,4,0,1,1,1,,
562,4,1,250,4,0,1,1,1,,
111,4,1,250,4,1,1,1,1,,
580,4,1,250,4,0,1,1,1,,
379,4,1,250,4,0,1,1,1,,
684,4,1,250,4,0,1,1,1,,
252,4,1,250,4,0,1,1,1,,
415,4,1,250,4,1,1,1,1,,
282,4,1,250,4,0,1,1,1,,
746,4,3,750,24,0,21,0.142857143,7,,
217,4,1,250,4,0,1,1,1,,
150,4,1,250,4,0,1,1,1,,
540,4,1,250,4,0,1,1,1,,
709,10,8,2000,39,0,30,0.266666667,3.75,,
31,14,7,1750,26,0,13,0.538461538,1.857142857,,
615,8,10,2500,63,0,56,0.178571429,5.6,,
494,4,2,500,14,0,11,0.181818182,5.5,,
195,2,4,1000,43,0,42,0.095238095,10.5,,
717,8,9,2250,58,0,51,0.176470588,5.666666667,,
62,8,8,2000,52,1,45,0.177777778,5.625,,
649,11,22,5500,98,0,88,0.25,4,,
264,4,3,750,25,1,22,0.136363636,7.333333333,,
414,11,17,4250,79,1,69,0.246376812,4.058823529,,
706,9,2,500,11,0,3,0.666666667,1.5,,
693,4,5,1250,46,0,43,0.11627907,8.6,,
219,7,12,3000,86,0,80,0.15,6.666666667,,
555,11,2,500,11,0,1,2,0.5,,
452,11,2,500,11,0,1,2,0.5,,
519,2,6,1500,75,0,74,0.081081081,12.33333333,,
400,11,8,2000,41,1,31,0.258064516,3.875,,
70,11,3,750,16,1,6,0.5,2,,
669,12,13,3250,59,0,48,0.270833333,3.692307692,,
115,2,3,750,35,0,34,0.088235294,11.33333333,,
256,16,8,2000,28,0,13,0.615384615,1.625,,
269,11,7,1750,37,0,27,0.259259259,3.857142857,,
620,4,3,750,28,0,25,0.12,8.333333333,,
205,12,12,3000,58,0,47,0.255319149,3.916666667,,
578,4,4,1000,41,0,38,0.105263158,9.5,,
257,11,14,3500,73,1,63,0.222222222,4.5,,
498,4,5,1250,58,0,55,0.090909091,11,,
38,4,4,1000,43,1,40,0.1,10,,
268,3,2,500,23,0,21,0.095238095,10.5,,
707,11,8,2000,46,0,36,0.222222222,4.5,,
71,4,7,1750,82,0,79,0.088607595,11.28571429,,
702,13,4,1000,21,0,9,0.444444444,2.25,,
480,16,7,1750,28,0,13,0.538461538,1.857142857,,
11,7,2,500,16,0,10,0.2,5,,
215,4,5,1250,58,0,55,0.090909091,11,,
670,4,5,1250,58,0,55,0.090909091,11,,
120,4,4,1000,46,0,43,0.093023256,10.75,,
465,14,13,3250,57,0,44,0.295454545,3.384615385,,
385,4,3,750,34,0,31,0.096774194,10.33333333,,
457,14,18,4500,78,0,65,0.276923077,3.611111111,,
36,11,8,2000,48,0,38,0.210526316,4.75,,
76,14,16,4000,70,0,57,0.280701754,3.5625,,
647,14,4,1000,22,1,9,0.444444444,2.25,,
44,14,5,1250,26,0,13,0.384615385,2.6,,
678,8,2,500,16,0,9,0.222222222,4.5,,
43,11,2,500,14,0,4,0.5,2,,
598,4,2,500,23,0,20,0.1,10,,
616,14,3,750,19,1,6,0.5,2,,
634,16,12,3000,50,0,35,0.342857143,2.916666667,,
727,11,4,1000,28,0,18,0.222222222,4.5,,
102,11,5,1250,35,0,25,0.2,5,,
304,2,4,1000,70,0,69,0.057971014,17.25,,
133,14,5,1250,28,0,15,0.333333333,3,,
567,14,2,500,14,0,1,2,0.5,,
362,14,2,500,14,0,1,2,0.5,,
114,14,2,500,14,0,1,2,0.5,,
575,14,6,1500,34,0,21,0.285714286,3.5,,
394,11,5,1250,37,1,27,0.185185185,5.4,,
549,4,5,1250,74,0,71,0.070422535,14.2,,
384,11,3,750,23,0,13,0.230769231,4.333333333,,
17,11,5,1250,38,0,28,0.178571429,5.6,,
121,12,9,2250,60,0,49,0.183673469,5.444444444,,
72,9,1,250,9,0,1,1,1,,
581,9,1,250,9,0,1,1,1,,
261,4,2,500,29,0,26,0.076923077,13,,
216,11,2,500,17,0,7,0.285714286,3.5,,
153,14,4,1000,26,0,13,0.307692308,3.25,,
626,11,9,2250,72,1,62,0.14516129,6.888888889,,
658,11,5,1250,41,0,31,0.161290323,6.2,,
458,9,5,1250,51,1,43,0.11627907,8.6,,
324,14,8,2000,50,1,37,0.216216216,4.625,,
253,16,7,1750,38,0,23,0.304347826,3.285714286,,
186,14,2,500,16,0,3,0.666666667,1.5,,
171,14,16,4000,98,0,85,0.188235294,5.3125,,
260,14,4,1000,28,1,15,0.266666667,3.75,,
21,16,7,1750,39,0,24,0.291666667,3.428571429,,
32,14,7,1750,47,0,34,0.205882353,4.857142857,,
20,16,6,1500,35,1,20,0.3,3.333333333,,
413,11,3,750,28,0,18,0.166666667,6,,
128,11,1,250,11,1,1,1,1,,
142,9,3,750,34,0,26,0.115384615,8.666666667,,
185,14,4,1000,30,0,17,0.235294118,4.25,,
451,23,38,9500,98,0,76,0.5,2,,
469,11,1,250,11,0,1,1,1,,
77,11,1,250,11,0,1,1,1,,
159,11,1,250,11,0,1,1,1,,
152,11,1,250,11,0,1,1,1,,
551,11,1,250,11,0,1,1,1,,
584,11,2,500,21,0,11,0.181818182,5.5,,
488,11,5,1250,50,0,40,0.125,8,,
26,11,2,500,21,0,11,0.181818182,5.5,,
349,16,4,1000,28,0,13,0.307692308,3.25,,
723,14,3,750,26,0,13,0.230769231,4.333333333,,
735,9,2,500,26,0,18,0.111111111,9,,
572,14,6,1500,51,0,38,0.157894737,6.333333333,,
711,11,2,500,24,0,14,0.142857143,7,,
668,4,3,750,71,0,68,0.044117647,22.66666667,,
194,21,13,3250,57,0,37,0.351351351,2.846153846,,
201,11,6,1500,71,0,61,0.098360656,10.16666667,,
390,14,2,500,21,1,8,0.25,4,,
325,23,15,3750,57,0,35,0.428571429,2.333333333,,
326,14,4,1000,38,0,25,0.16,6.25,,
137,11,2,500,26,0,16,0.125,8,,
608,16,5,1250,40,1,25,0.2,5,,
318,4,2,500,51,1,48,0.041666667,24,,
714,14,4,1000,40,0,27,0.148148148,6.75,,
73,11,3,750,40,1,30,0.1,10,,
679,14,5,1250,50,0,37,0.135135135,7.4,,
25,14,1,250,14,0,1,1,1,,
18,14,1,250,14,0,1,1,1,,
225,14,1,250,14,0,1,1,1,,
122,14,1,250,14,0,1,1,1,,
708,14,1,250,14,0,1,1,1,,
428,14,7,1750,72,0,59,0.118644068,8.428571429,,
166,14,1,250,14,0,1,1,1,,
234,9,3,750,52,0,44,0.068181818,14.66666667,,
704,14,7,1750,73,0,60,0.116666667,8.571428571,,
716,11,4,1000,58,0,48,0.083333333,12,,
599,11,4,1000,59,0,49,0.081632653,12.25,,
206,4,2,500,59,0,56,0.035714286,28,,
713,11,4,1000,61,0,51,0.078431373,12.75,,
167,16,4,1000,40,0,25,0.16,6.25,,
315,16,10,2500,89,0,74,0.135135135,7.4,,
601,21,2,500,21,1,1,2,0.5,,
277,21,3,750,26,0,6,0.5,2,,
724,16,8,2000,76,0,61,0.131147541,7.625,,
648,21,3,750,26,1,6,0.5,2,,
37,18,2,500,23,0,6,0.333333333,3,,
193,23,5,1250,33,0,11,0.454545455,2.2,,
743,16,3,750,34,0,19,0.157894737,6.333333333,,
126,14,5,1250,64,0,51,0.098039216,10.2,,
354,14,3,750,41,0,28,0.107142857,9.333333333,,
438,16,1,250,16,0,1,1,1,,
184,16,1,250,16,0,1,1,1,,
236,16,1,250,16,0,1,1,1,,
15,16,1,250,16,0,1,1,1,,
163,16,1,250,16,0,1,1,1,,
347,16,1,250,16,0,1,1,1,,
412,16,4,1000,45,0,30,0.133333333,7.5,,
87,16,1,250,16,0,1,1,1,,
614,16,1,250,16,0,1,1,1,,
364,16,1,250,16,0,1,1,1,,
468,21,2,500,23,0,3,0.666666667,1.5,,
558,21,2,500,23,0,3,0.666666667,1.5,,
177,14,4,1000,57,0,44,0.090909091,11,,
593,16,5,1250,60,0,45,0.111111111,9,,
378,23,2,500,23,0,1,2,0.5,,
516,14,5,1250,74,0,61,0.081967213,12.2,,
265,23,3,750,28,0,6,0.5,2,,
543,16,3,750,40,0,25,0.12,8.333333333,,
52,9,2,500,52,0,44,0.045454545,22,,
266,9,2,500,52,0,44,0.045454545,22,,
505,16,7,1750,87,1,72,0.097222222,10.28571429,,
343,14,2,500,35,0,22,0.090909091,11,,
628,16,7,1750,93,0,78,0.08974359,11.14285714,,
327,21,2,500,25,0,5,0.4,2.5,,
481,14,3,750,52,0,39,0.076923077,13,,
522,18,8,2000,95,0,78,0.102564103,9.75,,
435,16,3,750,46,0,31,0.096774194,10.33333333,,
381,11,3,750,76,0,66,0.045454545,22,,
420,23,12,3000,86,0,64,0.1875,5.333333333,,
42,21,3,750,35,0,15,0.2,5,,
78,23,2,500,26,0,4,0.5,2,,
538,23,2,500,26,0,4,0.5,2,,
180,23,3,750,33,0,11,0.272727273,3.666666667,,
210,23,2,500,28,0,6,0.333333333,3,,
27,21,1,250,21,0,1,1,1,,
251,21,1,250,21,0,1,1,1,,
208,21,1,250,21,0,1,1,1,,
660,21,1,250,21,0,1,1,1,,
518,21,1,250,21,0,1,1,1,,
602,21,1,250,21,0,1,1,1,,
339,21,1,250,21,0,1,1,1,,
431,21,1,250,21,0,1,1,1,,
525,21,1,250,21,1,1,1,1,,
116,21,1,250,21,0,1,1,1,,
302,21,1,250,21,0,1,1,1,,
69,21,5,1250,60,0,40,0.125,8,,
595,23,4,1000,45,0,23,0.173913043,5.75,,
333,21,4,1000,52,0,32,0.125,8,,
370,22,1,250,22,1,1,1,1,,
742,11,2,500,70,0,60,0.033333333,30,,
645,23,5,1250,58,0,36,0.138888889,7.2,,
604,23,3,750,40,0,18,0.166666667,6,,
739,23,3,750,41,0,19,0.157894737,6.333333333,,
112,14,3,750,83,0,70,0.042857143,23.33333333,,
292,21,2,500,35,0,15,0.133333333,7.5,,
281,26,5,1250,49,1,24,0.208333333,4.8,,
514,23,6,1500,70,0,48,0.125,8,,
117,23,1,250,23,0,1,1,1,,
388,23,1,250,23,0,1,1,1,,
554,23,1,250,23,0,1,1,1,,
110,23,1,250,23,0,1,1,1,,
588,23,1,250,23,0,1,1,1,,
576,23,1,250,23,0,1,1,1,,
141,23,1,250,23,0,1,1,1,,
475,23,4,1000,53,0,31,0.129032258,7.75,,
547,21,6,1500,86,0,66,0.090909091,11,,
305,21,3,750,64,0,44,0.068181818,14.66666667,,
560,16,2,500,70,0,55,0.036363636,27.5,,
287,21,3,750,70,0,50,0.06,16.66666667,,
295,23,4,1000,87,0,65,0.061538462,16.25,,
597,23,3,750,89,0,67,0.044776119,22.33333333,,
673,35,3,750,64,0,30,0.1,10,,
350,74,1,250,74,0,1,1,1,,
39,2,43,10750,86,1,85,0.505882353,1.976744186,,
677,6,22,5500,28,1,23,0.956521739,1.045454545,,
149,2,44,11000,98,0,97,0.453608247,2.204545455,,
732,2,11,2750,23,0,22,0.5,2,,
348,2,21,5250,52,1,51,0.411764706,2.428571429,,
190,4,4,1000,4,1,1,4,0.25,,
374,2,11,2750,26,0,25,0.44,2.272727273,,
104,2,11,2750,28,0,27,0.407407407,2.454545455,,
407,3,14,3500,35,0,33,0.424242424,2.357142857,,
408,4,6,1500,14,0,11,0.545454545,1.833333333,,
226,3,5,1250,12,1,10,0.5,2,,
157,4,33,8250,98,1,95,0.347368421,2.878787879,,
495,3,10,2500,33,1,31,0.322580645,3.1,,
280,4,10,2500,28,1,25,0.4,2.5,,
107,2,11,2750,40,1,39,0.282051282,3.545454545,,
641,2,11,2750,41,1,40,0.275,3.636363636,,
250,4,13,3250,39,1,36,0.361111111,2.769230769,,
258,1,10,2500,43,1,43,0.23255814,4.3,,
699,4,9,2250,28,0,25,0.36,2.777777778,,
322,2,5,1250,16,1,15,0.333333333,3,,
376,2,6,1500,22,1,21,0.285714286,3.5,,
366,4,5,1250,16,1,13,0.384615385,2.6,,
0,2,4,1000,14,1,13,0.307692308,3.25,,
124,2,4,1000,14,0,13,0.307692308,3.25,,
259,2,6,1500,26,0,25,0.24,4.166666667,,
470,4,5,1250,16,1,13,0.384615385,2.6,,
140,2,7,1750,32,1,31,0.225806452,4.428571429,,
489,2,6,1500,26,1,25,0.24,4.166666667,,
170,2,8,2000,38,1,37,0.216216216,4.625,,
542,2,2,500,4,1,3,0.666666667,1.5,,
355,2,6,1500,28,1,27,0.222222222,4.5,,
24,4,2,500,4,1,1,2,0.5,,
106,1,14,3500,95,0,95,0.147368421,6.785714286,,
255,2,3,750,11,0,10,0.3,3.333333333,,
737,2,12,3000,70,1,69,0.173913043,5.75,,
329,4,7,1750,32,1,29,0.24137931,4.142857143,,
398,4,4,1000,16,0,13,0.307692308,3.25,,
521,2,6,1500,35,1,34,0.176470588,5.666666667,,
531,2,3,750,14,0,13,0.230769231,4.333333333,,
99,2,4,1000,23,0,22,0.181818182,5.5,,
319,4,4,1000,18,0,15,0.266666667,3.75,,
661,5,6,1500,28,0,24,0.25,4,,
86,4,6,1500,30,0,27,0.222222222,4.5,,
313,14,5,1250,14,0,1,5,0.2,,
288,3,8,2000,50,0,48,0.166666667,6,,
229,4,9,2250,52,0,49,0.183673469,5.444444444,,
200,4,16,4000,98,1,95,0.168421053,5.9375,,
53,2,9,2250,75,0,74,0.121621622,8.222222222,,
729,4,6,1500,35,0,32,0.1875,5.333333333,,
331,4,9,2250,55,0,52,0.173076923,5.777777778,,
147,4,6,1500,35,1,32,0.1875,5.333333333,,
203,2,6,1500,45,0,44,0.136363636,7.333333333,,
41,2,6,1500,47,0,46,0.130434783,7.666666667,,
89,4,2,500,9,0,6,0.333333333,3,,
165,2,2,500,11,1,10,0.2,5,,
383,4,6,1500,38,1,35,0.171428571,5.833333333,,
351,9,9,2250,38,0,30,0.3,3.333333333,,
108,11,5,1250,18,0,8,0.625,1.6,,
397,2,3,750,21,0,20,0.15,6.666666667,,
640,2,1,250,2,0,1,1,1,,
720,2,1,250,2,1,1,1,1,,
409,2,1,250,2,0,1,1,1,,
68,2,1,250,2,0,1,1,1,,
211,2,1,250,2,0,1,1,1,,
635,2,1,250,2,0,1,1,1,,
484,2,1,250,2,0,1,1,1,,
237,2,1,250,2,0,1,1,1,,
57,2,1,250,2,0,1,1,1,,
50,2,3,750,22,0,21,0.142857143,7,,
600,9,11,2750,49,1,41,0.268292683,3.727272727,,
310,3,5,1250,38,0,36,0.138888889,7.2,,
583,3,1,250,3,1,1,1,1,,
681,4,6,1500,43,0,40,0.15,6.666666667,,
503,2,3,750,24,0,23,0.130434783,7.666666667,,
270,12,11,2750,39,0,28,0.392857143,2.545454545,,
375,2,2,500,14,0,13,0.153846154,6.5,,
230,9,3,750,14,0,6,0.5,2,,
497,14,8,2000,26,0,13,0.615384615,1.625,,
188,4,2,500,13,0,10,0.2,5,,
7,4,11,2750,95,0,92,0.119565217,8.363636364,,
80,4,1,250,4,0,1,1,1,,
637,4,1,250,4,0,1,1,1,,
417,4,1,250,4,0,1,1,1,,
97,4,1,250,4,0,1,1,1,,
158,4,1,250,4,0,1,1,1,,
695,4,1,250,4,0,1,1,1,,
425,4,1,250,4,0,1,1,1,,
75,4,1,250,4,0,1,1,1,,
136,4,7,1750,62,0,59,0.118644068,8.428571429,,
603,4,4,1000,34,1,31,0.129032258,7.75,,
123,11,6,1500,28,0,18,0.333333333,3,,
422,13,3,750,14,1,2,1.5,0.666666667,,
273,9,9,2250,54,0,46,0.195652174,5.111111111,,
404,11,2,500,11,0,1,2,0.5,,
218,2,5,1250,63,0,62,0.080645161,12.4,,
561,7,11,2750,89,0,83,0.13253012,7.545454545,,
55,8,9,2250,64,0,57,0.157894737,6.333333333,,
486,2,2,500,22,0,21,0.095238095,10.5,,
443,11,16,4000,89,0,79,0.202531646,4.9375,,
730,4,5,1250,58,0,55,0.090909091,11,,
437,14,7,1750,35,0,22,0.318181818,3.142857143,,
526,11,4,1000,27,0,17,0.235294118,4.25,,
371,7,9,2250,89,1,83,0.108433735,9.222222222,,
710,7,5,1250,52,0,46,0.108695652,9.2,,
243,11,6,1500,41,0,31,0.193548387,5.166666667,,
91,10,5,1250,38,0,29,0.172413793,5.8,,
672,14,2,500,14,1,1,2,0.5,,
666,14,2,500,14,0,1,2,0.5,,
10,14,2,500,14,0,1,2,0.5,,
342,2,2,500,33,0,32,0.0625,16,,
682,11,3,750,23,0,13,0.230769231,4.333333333,,
629,14,8,2000,46,0,33,0.242424242,4.125,,
223,9,1,250,9,0,1,1,1,,
557,16,5,1250,27,0,12,0.416666667,2.4,,
46,14,4,1000,26,0,13,0.307692308,3.25,,
393,4,2,500,30,0,27,0.074074074,13.5,,
504,14,3,750,21,0,8,0.375,2.666666667,,
209,16,16,4000,77,0,62,0.258064516,3.875,,
442,4,2,500,31,0,28,0.071428571,14,,
312,14,8,2000,50,0,37,0.216216216,4.625,,
148,11,3,750,26,0,16,0.1875,5.333333333,,
636,14,7,1750,45,0,32,0.21875,4.571428571,,
559,15,5,1250,33,0,19,0.263157895,3.8,,
13,16,2,500,16,0,1,2,0.5,,
320,16,3,750,21,0,6,0.5,2,,
411,11,8,2000,72,0,62,0.129032258,7.75,,
625,11,1,250,11,0,1,1,1,,
592,11,1,250,11,0,1,1,1,,
552,11,1,250,11,1,1,1,1,,
675,2,3,750,75,1,74,0.040540541,24.66666667,,
700,2,3,750,77,0,76,0.039473684,25.33333333,,
363,16,4,1000,28,0,13,0.307692308,3.25,,
100,16,15,3750,87,0,72,0.208333333,4.8,,
642,16,14,3500,83,0,68,0.205882353,4.857142857,,
524,16,10,2500,62,0,47,0.212765957,4.7,,
639,16,3,750,23,0,8,0.375,2.666666667,,
125,14,3,750,26,0,13,0.230769231,4.333333333,,
22,23,19,4750,62,0,40,0.475,2.105263158,,
430,11,7,1750,75,0,65,0.107692308,9.285714286,,
418,20,14,3500,69,1,50,0.28,3.571428571,,
130,4,2,500,46,0,43,0.046511628,21.5,,
267,11,2,500,25,0,15,0.133333333,7.5,,
492,11,3,750,37,0,27,0.111111111,9,,
179,13,7,1750,76,0,64,0.109375,9.142857143,,
566,16,6,1500,50,0,35,0.171428571,5.833333333,,
611,14,3,750,33,0,20,0.15,6.666666667,,
368,14,1,250,14,0,1,1,1,,
697,14,1,250,14,0,1,1,1,,
439,14,1,250,14,0,1,1,1,,
627,14,1,250,14,0,1,1,1,,
462,17,7,1750,58,1,42,0.166666667,6,,
95,14,3,750,35,0,22,0.136363636,7.333333333,,
621,16,7,1750,64,0,49,0.142857143,7,,
396,21,2,500,21,0,1,2,0.5,,
109,16,3,750,35,0,20,0.15,6.666666667,,
197,16,1,250,16,0,1,1,1,,
416,16,1,250,16,0,1,1,1,,
202,16,1,250,16,0,1,1,1,,
198,16,1,250,16,0,1,1,1,,
178,16,1,250,16,0,1,1,1,,
577,11,4,1000,74,0,64,0.0625,16,,
118,21,6,1500,48,0,28,0.214285714,4.666666667,,
532,23,2,500,23,0,1,2,0.5,,
338,23,6,1500,45,0,23,0.260869565,3.833333333,,
365,14,2,500,35,1,22,0.090909091,11,,
173,16,4,1000,58,0,43,0.093023256,10.75,,
715,16,5,1250,71,0,56,0.089285714,11.2,,
2,21,2,500,26,0,6,0.333333333,3,,
387,21,3,750,35,0,15,0.2,5,,
738,23,8,2000,69,0,47,0.170212766,5.875,,
610,21,3,750,38,0,18,0.166666667,6,,
450,21,3,750,40,0,20,0.15,6.666666667,,
232,21,1,250,21,0,1,1,1,,
440,21,1,250,21,0,1,1,1,,
183,25,6,1500,50,0,26,0.230769231,4.333333333,,
60,21,1,250,21,0,1,1,1,,
58,21,1,250,21,0,1,1,1,,
49,23,3,750,39,0,17,0.176470588,5.666666667,,
674,21,2,500,33,0,13,0.153846154,6.5,,
204,14,3,750,79,0,66,0.045454545,22,,
361,23,1,250,23,1,1,1,1,,
30,23,1,250,23,0,1,1,1,,
337,23,1,250,23,0,1,1,1,,
496,23,1,250,23,0,1,1,1,,
169,23,1,250,23,0,1,1,1,,
698,23,1,250,23,0,1,1,1,,
433,16,3,750,86,0,71,0.042253521,23.66666667,,
360,21,2,500,52,0,32,0.0625,16,,
541,39,1,250,39,0,1,1,1,,
74,72,1,250,72,0,1,1,1,,
